Status,GitHub Docs?,File name,Name,Type,Notes,Webpage URL,Raw file on NRP,Metadata links
Done (not hexed),TRUE,sagebrush-wyoming-cog.tif,Sagebrush conservation design (2022),Raster,"Areas identified as ""core sagebrush area"" and ""growth opportunity areas"".",https://www.sciencebase.gov/catalog/item/62d57e89d34e87fffb2dda62,sagebrush.tif,https://www.sciencebase.gov/catalog/file/get/62d57e89d34e87fffb2dda62?f=__disk__20%2Fa2%2F7b%2F20a27b4e02b6b2ec3121854aadae447118da9a6a&transform=1&allowOpen=true
Done,TRUE,wy-counties.pmtiles,Wyoming counties,Vector ,,https://data.geospatialhub.org/maps/b0e0a99ec14748eeae750949c7bbb2ec,(this is on minio) public-data/DOR_-_Counties.geojson,https://www.arcgis.com/sharing/rest/content/items/b0e0a99ec14748eeae750949c7bbb2ec/info/metadata/metadata.xml?format=default&output=html
Done (not hexed),TRUE,blm-sma.pmtiles,BLM National SMA Surface Management Agency Area Polygons,Vector ,,https://gbp-blm-egis.hub.arcgis.com/datasets/BLM-EGIS::blm-national-sma-surface-management-agency-area-polygons/about,SMA_WM.gdb.zip,https://www.arcgis.com/sharing/rest/content/items/6bf2e737c59d4111be92420ee5ab0b46/info/metadata/metadata.xml?format=default&output=html
Done,TRUE,wyoming-places.pmtiles,Wyoming - Incorporated Places Boundaries (2019),Vector ,,https://data.geospatialhub.org/maps/c963a5d8800146478a728e771f069632/explore?location=43.002850%2C-107.548150%2C7,Wyoming_-_Incorporated_Places.geojson,https://www.arcgis.com/sharing/rest/content/items/c963a5d8800146478a728e771f069632/info/metadata/metadata.xml?format=default&output=html
Done (not hexed),TRUE,nlcd-2024-wyoming-cog.tif,2024 Land Cover (CONUS) ,Raster,,https://www.mrlc.gov/downloads/sciweb1/shared/mrlc/data-bundles/Annual_NLCD_LndCov_2024_CU_C1V1.zip,Annual_NLCD_LndCov_2024_CU_C1V1.zip,https://www.mrlc.gov/data/legends/national-land-cover-database-class-legend-and-description
Done,TRUE,ungulate-migration.pmtiles,Wyoming public migration lines,,,https://drive.google.com/file/d/1RX3iglb-QBp936-Jbsfil4vUQI9ZuyxE/view?usp=sharing,UngulateMigWestUS_PublicHerds_Polylines_Vol1to5_EPSG4326.geojson,
Done,TRUE,wgfd-mule-deer-crucial.pmtiles,Mule Deer - Crucial Range,Vector ,,https://wyoming-wgfd.opendata.arcgis.com/datasets/98ad07fe417b4db588272547fe7b38f5_0/explore?location=42.413125%2C-110.131480%2C12,MuleDeerCrucialRange_-6928355498246013770.geojson,https://wyoming-wgfd.opendata.arcgis.com/datasets/98ad07fe417b4db588272547fe7b38f5_0/about
Done,TRUE,wgfd-mule-deer-seasonal.pmtiles,Mule Deer - Seasonal Range,Vector ,,https://wyoming-wgfd.opendata.arcgis.com/datasets/1fb0c649fb394d83b66290119a93961a_0/explore?location=42.996547%2C-107.553984%2C6,MuleDeerSeasonalRange_-3266118160202730997.geojson,https://www.arcgis.com/sharing/rest/content/items/1fb0c649fb394d83b66290119a93961a/info/metadata/metadata.xml?format=default&output=html
Done,TRUE,wgfd-elk-crucial.pmtiles,Elk - Crucial Range ,Vector ,,https://wyoming-wgfd.opendata.arcgis.com/datasets/ade74a3eb73448dcbd811e398d3669f3_0/explore?location=42.967683%2C-108.042233%2C7,Elk_Crucial_Range_6814964145904153641.geojson,https://www.arcgis.com/sharing/rest/content/items/ade74a3eb73448dcbd811e398d3669f3/info/metadata/metadata.xml?format=default&output=html
Done,TRUE,wgfd-elk-seasonal.pmtiles,Elk - Seasonal Range ,Vector ,,https://wyoming-wgfd.opendata.arcgis.com/maps/68c4359850b84db5b35f3e3b89afff6b,Elk_Seasonal_Range_5634416587767866836.geojson,https://www.arcgis.com/sharing/rest/content/items/68c4359850b84db5b35f3e3b89afff6b/info/metadata/metadata.xml?format=default&output=html
Done,TRUE,wgfd-pronghorn-crucial.pmtiles,Pronghorn - Crucial Range ,Vector ,,https://wyoming-wgfd.opendata.arcgis.com/datasets/5ce8eaffcd4e47b99a0164bb81881d36_0/explore?location=42.927591%2C-107.675878%2C6,Antelope_Crucial_Range_2840206821211723664.geojson,https://www.arcgis.com/sharing/rest/content/items/5ce8eaffcd4e47b99a0164bb81881d36/info/metadata/metadata.xml?format=default&output=html
Done,TRUE,wgfd-pronghorn-seasonal.pmtiles,Pronghorn - Seasonal Range,Vector ,,https://wyoming-wgfd.opendata.arcgis.com/datasets/5906f933ec1e436eade94996fa64ef2e_0/explore,Antelope_Seasonal_Range_-8613938908718516484.geojson,https://www.arcgis.com/sharing/rest/content/items/5906f933ec1e436eade94996fa64ef2e/info/metadata/metadata.xml?format=default&output=html
Pending,FALSE,,PRIVATE Current conservation easements,Vector ,,https://drive.google.com/drive/folders/1XdntlWqpwSObVAXRtAOH-_J8MmLDX5-b?usp=sharing,,
Done (not hexed),FALSE,iag-cog.tif,RAP 10m cover - invasive annual grass (2025),Raster,,http://rangeland.ntsg.umt.edu/data/rangeland-s2/iag/,iag-2025-10-350000-5200000.tif,https://rangeland.ntsg.umt.edu/data/rangeland-s2/README
Done (not hexed),FALSE,arte-cog.tif,RAP 10m cover - sagebrush (2025),Raster,,http://rangeland.ntsg.umt.edu/data/rangeland-s2/arte/?C=M;O=D,arte-2025-10-350000-5200000.tif,https://rangeland.ntsg.umt.edu/data/rangeland-s2/README
Done (not hexed),TRUE,rap-v3-2025-band4-perennial-forb-grass-wyoming-cog.tif,RAP 30m perennial forbs and grasses biomass (2025),Raster,Band 4 - perennial forb and grass,http://rangeland.ntsg.umt.edu/data/rap/rap-vegetation-cover/v3/,vegetation-cover-v3-2025.tif,https://rangeland.ntsg.umt.edu/data/rap/rap-vegetation-cover/v3/README
Done,TRUE,sage-grouse-priority.pmtiles,Sage grouse priority areas for conservation,Vector,Core Management Areas Version 4,https://wgfd.wyo.gov/wyoming-wildlife/sage-grouse-management/sage-grouse-data,SageGrouseCoreAreasv4.zip,
Done,NA,https://radiantearth.github.io/stac-browser/#/external/s3-west.nrp-nautilus.io/public-data/stac/catalog.json,GAP protected area layers,Vector,“PADUS 4.1 Vector Analysis PADUS Only”,https://www.sciencebase.gov/catalog/item/6759b69fd34edfeb8710a3ea,PADUS4_1VectorAnalysis_PADUS_Only.zip,
,,,,,,,,
,,,,,,,,
,,,,,,,,
,,,,,,,,
,,,,,,,,
Link to STAC: https://radiantearth.github.io/stac-browser/#/external/s3-west.nrp-nautilus.io/public-wyoming/stac-collection.json,,,,,,,,