fcode,description,canalditchtype,constructionmaterial,hydrographiccategory,inundationcontrolstatus,operationalstatus,pipelinetype,positionalaccuracy,relationshiptosurface,reservoirtype,stage,kcode
47800,Tunnel, , , , , , , , , ,,"478"
48300,Wall, , , , , , , , , ,,"483"
48400,Wash, , , , , , , , , ,,"484"
48500,Water Intake/Outflow, , , , , , , , , ,,"485"
48700,Waterfall, , , , , , , , , ,,"487"
48800,Well, , , , , , , , , ,,"488"
49300,Estuary, , , , , , , , , ,,"493"
50300,Sounding Datum Line, , , , , , , , , ,,"503"
50301,Sounding Datum Line: Positional Accuracy = Approximate, , , , , , ,Approximate, , ,,"503,POA26"
50302,Sounding Datum Line: Positional Accuracy = Definite, , , , , , ,Definite, , ,,"503,POA94"
53700,Area of Complex Channels, , , , , , , , , ,,"537"
55800,Artificial Path, , , , , , , , , ,,"558"
56800,Levee,,,,,,,,,,,"568"
56700,Shoreline,,,,,,,,,,,"567"
46007,Stream/River: Hydrographic Category = Ephemeral,,,Ephemeral,,,,,,,,"460,HYC389"
33603,Canal Ditch: Canal Ditch Type = Stormwater,Stormwater,, , , , , , , ,,"336,CDY900"
42000,Underground Conduit, , , , , , , , , ,,"420"
42001,Underground Conduit: Positional Accuracy = Definite, , , , , , ,Definite, , ,,"420,POA94"
42002,Underground Conduit: Positional Accuracy = Indefinite, , , , , , ,Indefinite, , ,,"420,POA179"
42003,Underground Conduit: Positional Accuracy = Approximate, , , , , , ,Approximate, , ,,"420,POA26"
42820,Pipeline: Pipeline Type = Stormwater,,,,,,Stormwater,,,,,"428,PIT900"
42821,"Pipeline: Pipeline Type = Stormwater; Relationship to Surface = At or Near",,,,,,Stormwater,,At or Near,,,"428,PIT900,RTS32"
42822,"Pipeline: Pipeline Type = Stormwater; Relationship to Surface = Elevated",,,,,,Stormwater,,Elevated,,,"428,PIT900,RTS120"
42823,"Pipeline: Pipeline Type = Stormwater; Relationship to Surface = Underground",,,,,,Stormwater,,Underground,,,"428,PIT900,RTS423"
42824,"Pipeline: Pipeline Type = Stormwater; Relationship to Surface = Underwater",,,,,,Stormwater,,Underwater,,,"428,PIT900,RTS424"
46601,Swamp/Marsh: Hydrographic Category = Intermittent, , ,Intermittent, , , , , , ,,"466,HYC189"
46602,Swamp/Marsh: Hydrographic Category = Perennial, , ,Perennial, , , , , , ,,"466,HYC289"
36701,"Gaging Station Status=Active; Record=Continuous", , , , , , , , , ,,"367"
57001,"Streamgage: Streamgage Status=Active; Record=Continuous",,,,,,,,,,,"570"
57002,"Streamgage: Streamgage Status=Active; Record=Partial",,,,,,,,,,,"570"
57003,Streamgage: Streamgage Status=Inactive,,,,,,,,,,,"570"
57004,Water Quality Station,,,,,,,,,,,"570"
57100,Dam,,,,,,,,,,,"571"
57201,Flow Alteration=Addition,,,,,,,,,,,"572"
57202,Flow Alteration=Removal,,,,,,,,,,,"572"
57300,Hydrologic Unit Outlet,,,,,,,,,,,"573"
57203,Flow Alteration=Unknown,,,,,,,,,,,"572"
45001,"SinkRise: Type = Sink; Flow = Into ground",,,,,,,,,,,"450"
45002,"SinkRise: Type = Rise; Flow = Out of ground",,,,,,,,,,,"450"
45003,"SinkRise: Type = Estevelle; Flow = Bidirectional",,,,,,,,,,,"450"
46800,Drainageway,,,,,,,,,,,"468"
43625,"Reservoir: Reservoir Type = Disposal; Construction Material = Earthen",,Earthen,,,,,,,Disposal,,"436,RET99,COM115"
43626,"Reservoir: Reservoir Type = Disposal; Construction Material = Nonearthen",,Nonearthen,,,,,,,Disposal,,"436,RET99,COM248"
56600,Coastline,,,,,,,,,,,"566"
30700,Area to be Submerged, , , , , , , , , ,,"307"
31200,Bay/Inlet, , , , , , , , , ,,"312"
31800,Bridge, , , , , , , , , ,,"318"
33400,Connector, , , , , , , , , ,,"334"
33600,Canal/Ditch, ,, , , , , , , ,,"336"
33601,Canal/Ditch: Canal/Ditch Type = Aqueduct,Aqueduct,, , , , , , , ,,"336,CDY30"
34300,Dam/Weir, , , , , , , , , ,,"343"
34305,Dam/Weir: Construction Material = Earthen, ,Earthen, , ,, , , , ,,"343,COM115"
34306,Dam/Weir: Construction Material = Nonearthen, ,Nonearthen, , ,, , , , ,,"343,COM248"
36100,Playa, , , , , , , , , ,,"361"
36200,Flume, , , , , , , , , ,,"362"
36400,Foreshore, , , , , , , , , ,,"364"
36700,Gaging Station, , , , , , , , , ,,"367"
36900,Gate, , , , , , , , , ,,"369"
37800,Ice Mass, , , , , , , , , ,,"378"
39000,Lake/Pond, , , , , , , , , ,,"390"
39001,Lake/Pond: Hydrographic Category = Intermittent, , ,Intermittent, , , , , , ,,"390,HYC189"
39004,Lake/Pond: Hydrographic Category = Perennial, , ,Perennial, , , , , , ,,"390,HYC289"
39005,"Lake/Pond: Hydrographic Category = Intermittent; Stage = High Water Elevation", , ,Intermittent, , , , , , ,High Water Elevation,"390,HYC189,STG161"
39006,"Lake/Pond: Hydrographic Category = Intermittent; Stage = Date of Photography", , ,Intermittent, , , , , , ,Date of Photography,"390,HYC189,STG89"
43624,"Reservoir; Reservoir Type = Treatment",,,,,,,,,Treatment,,"436,RET417"
39009,"Lake/Pond: Hydrographic Category = Perennial; Stage = Average Water Elevation", , ,Perennial, , , , , , ,Average water Elevation,"390,HYC289,STG33"
39010,"Lake/Pond: Hydrographic Category = Perennial; Stage = Normal Pool", , ,Perennial, , , , , , ,Normal Pool,"390,HYC289,STG253"
39011,"Lake/Pond: Hydrographic Category = Perennial; Stage = Date of Photography", , ,Perennial, , , , , , ,Date of Photography,"390,HYC289,STG89"
39012,"Lake/Pond: Hydrographic Category = Perennial; Stage = Spillway Elevation", , ,Perennial, , , , , , ,Spillway Elevation,"390,HYC289,STG378"
39800,Lock Chamber, , , , , , , , , ,,"398"
40300,Inundation Area, , , , , , , , , ,,"403"
40307,Inundation Area: Inundation Control Status = Not Controlled, , , ,Not Controlled, , , , , ,,"403,ICS259"
40308,Inundation Area: Inundation Control Status = Controlled, , , ,Controlled, , , , , ,,"403,ICS75"
40309,"Inundation Area: Inundation Control Status = Controlled; Stage = Flood Elevation", , , ,Controlled, , , , , ,Flood Elevation,"403,ICS75,STG136"
41100,Nonearthen Shore, , , , , , , , , ,,"411"
42800,Pipeline, , , , , , , , , ,,"428"
42801,"Pipeline: Pipeline Type = Aqueduct; Relationship to Surface = At or Near", , , , , ,Aqueduct, ,At or Near, ,,"428,PIT30,RTS32"
42802,"Pipeline: Pipeline Type = Aqueduct; Relationship to Surface = Elevated", , , , , ,Aqueduct, ,Elevated, ,,"428,PIT30,RTS120"
42803,"Pipeline: Pipeline Type = Aqueduct; Relationship to Surface = Underground", , , , , ,Aqueduct, ,Underground, ,,"428,PIT30,RTS423"
42804,"Pipeline: Pipeline Type = Aqueduct; Relationship to Surface = Underwater", , , , , ,Aqueduct, ,Underwater, ,,"428,PIT30,RTS424"
42805,"Pipeline: Pipeline Type = General Case; Relationship to Surface = At or Near", , , , , ,General Case, ,At or Near, ,,"428,PIT145,RTS32"
42806,"Pipeline: Pipeline Type = General Case; Relationship to Surface = Elevated", , , , , ,General Case, ,Elevated, ,,"428,PIT145,RTS120"
42807,"Pipeline: Pipeline Type = General Case; Relationship to Surface = Underground", , , , , ,General Case, ,Underground, ,,"428,PIT145,RTS423"
42808,"Pipeline: Pipeline Type = General Case; Relationship to Surface = Underwater", , , , , ,General Case, ,Underwater, ,,"428,PIT145,RTS424"
42809,"Pipeline: Pipeline Type = Penstock; Relationship to Surface = At or Near", , , , , ,Penstock, ,At or Near, ,,"428,PIT287,RTS32"
42810,"Pipeline: Pipeline Type = Penstock; Relationship to Surface = Elevated", , , , , ,Penstock, ,Elevated, ,,"428,PIT287,RTS120"
42811,"Pipeline: Pipeline Type = Penstock; Relationship to Surface = Underground", , , , , ,Penstock, ,Underground, ,,"428,PIT287,RTS423"
42812,"Pipeline: Pipeline Type = Penstock; Relationship to Surface = Underwater", , , , , ,Penstock, ,Underwater, ,,"428,PIT287,RTS424"
42813,Pipeline: Pipeline Type = Siphon, , , , , ,Siphon, ,, ,,"428,PIT369"
42814,Pipeline: Pipeline Type = General Case,,,,,,General Case,,,,,"428,PIT145"
42815,Pipeline: Pipeline Type = Penstock,,,,,,Penstock,,,,,"428,PIT287"
42816,Pipeline: Pipeline Type = Aqueduct,,,,,,Aqueduct,,,,,"428,PIT30"
43100,Rapids, , , , , , , , , ,,"431"
43400,Reef, , , , , , , , , ,,"434"
43600,Reservoir, , , , , , , , , ,,"436"
43601,Reservoir: Reservoir Type = Aquaculture, ,, , , , , , ,Aquaculture,,"436,RET29"
43603,Reservoir: Reservoir Type = Decorative Pool, ,, , , , , , ,Decorative Pool,,"436,RET93"
43604,"Reservoir: Reservoir Type = Tailings Pond; Construction Material = Earthen", ,Earthen, , , , , , ,Tailings Pond,,"436,RET401,COM115"
43605,Reservoir: Reservoir Type = Tailings Pond, ,, , , , , , ,Tailings Pond,,"436,RET401"
43606,Reservoir: Reservoir Type = Disposal, ,, , , , , , ,Disposal,,"436,RET99"
43607,Reservoir: Reservoir Type = Evaporator, ,, , , , , , ,Evaporator,,"436,RET123"
43608,Reservoir: Reservoir Type = Swimming Pool, ,, , , , , , ,Swimming Pool,,"436,RET397"
43609,Reservoir: Reservoir Type = Cooling Pond, ,, , , , , , ,Cooling Pond,,"436,RET77"
43610,Reservoir: Reservoir Type = Filtration Pond, ,, , , , , , ,Filtration Pond,,"436,RET134"
43611,Reservoir: Reservoir Type = Settling Pond, ,, , , , , , ,Settling Pond,,"436,RET358"
43612,Reservoir: Reservoir Type = Sewage Treatment Pond, ,, , , , , , ,Sewage Treatment Pond,,"436,RET360"
43613,"Reservoir: Reservoir Type = Water Storage; Construction Material = Nonearthen", ,Nonearthen,, , , , , ,Water Storage,,"436,RET442,COM248"
43614,"Reservoir: Reservoir Type = Water Storage; Construction Material = Earthen; Hydrographic Category = Intermittent", ,Earthen,Intermittent, , , , , ,Water Storage,,"436,RET442,COM115,HYC189"
43615,"Reservoir: Reservoir Type = Water Storage; Construction Material = Earthen; Hydrographic Category = Perennial", ,Earthen,Perennial, , , , , ,Water Storage,,"436,RET442,COM115,HYC289"
43617,Reservoir: Reservoir Type = Water Storage, ,,, , , , , ,Water Storage,,"436,RET442"
43618,Reservoir: Construction Material = Earthen, ,Earthen, , , , , , ,,,"436,COM115"
43619,Reservoir: Construction Material = Nonearthen, ,Nonearthen, , , , , , ,,,"436,COM248"
43621,"Reservoir: Reservoir Type = Water Storage; Hydrographic Category = Perennial", ,,Perennial, , , , , ,Water Storage,,"436,RET442,HYC289"
43623,"Reservoir: Reservoir Type = Evaporator; Construction Material = Earthen",,Earthen,,,,,,,Evaporator,,"436,RET123,COM115"
44100,Rock, , , , , , , , , ,,"441"
44101,Rock: Relationship to Surface = Abovewater, , , , , , , ,Abovewater, ,,"441,RTS8"
44102,Rock: Relationship to Surface = Underwater, , , , , , , ,Underwater, ,,"441,RTS424"
44500,Sea/Ocean, , , , , , , , , ,,"445"
45000,Sink/Rise: Flow - Unknown, , , , , , , , , ,,"450"
45500,Spillway, , , , , , , , , ,,"455"
45800,Spring/Seep, , , , , , , , , ,,"458"
46000,Stream/River, , , , , , , , , ,,"460"
46003,Stream/River: Hydrographic Category = Intermittent, , ,Intermittent, , , ,, , ,,"460,HYC189"
46006,Stream/River: Hydrographic Category = Perennial, , ,Perennial, , , ,, , ,,"460,HYC289"
46100,Submerged Stream, , , , , , , , , ,,"461"
46600,Swamp/Marsh, , , , , , , , , ,,"466"
